ã‚³ãƒ³ãƒ„ã‚£ãƒ¼,Japan,åˆå€‹å±•ãŠã‚ã§ã¨ã†ã”ã–ã„ã¾ã™ï¼å…ˆç”Ÿã®äº‹ã‚’çŸ¥ã£ãŸã®ã¯å¤§ç©ºã‚¹ãƒãƒ«ã¡ã‚ƒã‚“ã‹ã‚‰ã§ã—ãŸãŒã€ä»Šã§ã¯ã™ã£ã‹ã‚Šã†ã„å…ˆç”Ÿã®ã‚¤ãƒ©ã‚¹ãƒˆã¨ãƒãƒ£ãƒ³ãƒãƒ«ã®ãƒ•ã‚¡ãƒ³ã§ã™ï¼ã“ã‚Œã‹ã‚‰ã®æ›´ãªã‚‹ã”æ´»èºã‚’ç¥ˆã£ã¦ãŠã‚Šã¾ã™ï¼,
ãŠã‚„ã˜,Japan,"ã—ãã‚Œã†ã„å…ˆç”Ÿåˆå€‹å±•é–‹å‚¬ãŠã‚ã§ã¨ã†ã”ã–ã„ã¾ã™ï¼
ã†ã„å…ˆç”Ÿã‚’çŸ¥ã£ãŸãã£ã‹ã‘ã¯å¤§ç©ºå®¶ã‹ã‚‰ã§ã—ãŸãŒã€ä»Šã§ã¯ã†ã„å…ˆç”Ÿã®ã‚¤ãƒ©ã‚¹ãƒˆã‚„é…ä¿¡ã®å¤§ãƒ•ã‚¡ãƒ³ã§ã™ã€‚å…ˆæ—¥ç™ºå£²ã•ã‚ŒãŸç”»é›†ã‚‚ã€ã©ã®ãƒšãƒ¼ã‚¸ã‚’è¦‹ã¦ã‚‚å¯æ„›ãç¶ºéº—ãªã‚¤ãƒ©ã‚¹ãƒˆã°ã‹ã‚Šã§æœ€é«˜ã®1å†Šã§ã—ãŸã€‚ã“ã‚Œã‹ã‚‰ã‚‚ã†ã„å…ˆç”Ÿã®ã‚¤ãƒ©ã‚¹ãƒˆã‚’æ¥½ã—ã¿ã«ã—ã¦ã„ã¾ã™ã€‚æ”¹ã‚ã¦ãŠã‚ã§ã¨ã†ã”ã–ã„ã¾ã™ï¼",
çŒ«ã¨é¯¨,Taiwan,"ç¾½è¡£è€å¸«æ­å–œä½ ç•«å±•å±•å‡º!
å¾ˆå–œæ­¡è€å¸«èˆ‡è§€çœ¾çš„äº’å‹•
ç•«ç•«éžå¸¸åŽ²å®³ä¹Ÿä»¤æˆ‘å¾ˆæ†§æ†¬
æ¼¸æ¼¸çš„è‡ªå·±ä¹Ÿæƒ³é‡æ‹¾ç•«ç­†äº†
è¬è¬æ‚¨ å¹³æ™‚å·¥ä½œè¾›è‹¦äº†
è«‹å¤šå¤šè®“å–‰åš¨è·Ÿèº«é«”ä¼‘æ¯
æœ€å¾Œç¥ç¦ç•«å±•ä¸€åˆ‡é †åˆ©! ","ã†ã„å…ˆç”ŸãŠã‚ã§ã¨ã†ã”ã–ã„ã¾ã™ï¼
ç§ã¯å…ˆç”Ÿã¨è´è¡†ã®é–“ã®ç›¸äº’ä½œç”¨ãŒæœ¬å½“ã«å¥½ãã§ã™
çµµãŒä¸Šæ‰‹ã§æ¥½ã—ã¿ã§ã™
æ¬¡ç¬¬ã«ç­†ã‚’å–ã‚Šæˆ»ã—ãŸã„
ãŠç–²ã‚Œæ§˜ã§ã—ãŸ
ã‚‚ã£ã¨å–‰ã¨ä½“ã‚’ä¼‘ã¾ã›ã¦ãã ã•ã„
æœ€å¾Œã«ã€ã“ã®å±•ç¤ºä¼šã‚’ã‚ˆã‚ã—ããŠé¡˜ã„ã—ã¾ã™ï¼"
ãƒ¡ã‚¤ãƒ ,Japan,ã“ã®åº¦ã¯åˆå€‹å±•é–‹å‚¬ãŠã‚ã§ã¨ã†ã”ã–ã„ã¾ã™ï¼ã‚¹ãƒãƒ«ã¡ã‚ƒã‚“ã‹ã‚‰ã†ã„å…ˆç”Ÿã‚’çŸ¥ã‚Šã€ãã‚Œä»¥é™å¿œæ´ã•ã›ã¦é ‚ã„ã¦ãŠã‚Šã¾ã™ã€‚ä»Šå›žç›´æŽ¥è¡Œãã“ã¨ã¯å¶ã„ã¾ã›ã‚“ãŒç›Šã€…ã®ã”æ´»èºã‚’æœŸå¾…ã—ã¦ã„ã¾ã™ï¼,
Yute,USA,Hi Ui mama! Thank you for creating such amazing art and making one of the most unforgettable ducks I call subaru. I am grateful thank you  :),ã“ã‚“ã«ã¡ã¯ã€ã†ã„ãƒžãƒžï¼ãã®ã‚ˆã†ãªç´ æ™´ã‚‰ã—ã„ã‚¢ãƒ¼ãƒˆã‚’ä½œã‚Šã€ç§ãŒã‚¹ãƒãƒ«ã¨å‘¼ã¶æœ€ã‚‚å¿˜ã‚Œã‚‰ã‚Œãªã„ã‚¢ãƒ’ãƒ«ã®1ã¤ã‚’ä½œã£ã¦ãã‚Œã¦ã‚ã‚ŠãŒã¨ã†ã€‚ç§ã¯æ„Ÿè¬ã—ã¦ã„ã¾ã™ :)
ã©ã£ã¨ãˆã™ããƒ¼,Japan,"åˆå€‹å±•ãŠã‚ã§ã¨ã†ã”ã–ã„ã¾ã™ï¼ï¼
(*>â–½<ï¾‰ï¾‰""â˜†ï¾Šï¾Ÿï¾ï¾Šï¾Ÿï¾ï¾Šï¾Ÿï¾ï¾Šï¾Ÿï¾â™ª",
ã†ã•ãŽã®ã‚·ãƒ£ãƒ­,Japan,ã†ã„ãƒžãƒžã€åˆå€‹å±•ãŠã‚ã§ã¨ã†ã”ã–ã„ã¾ã™ï¼ã†ã„ãƒžãƒžãŒã‚¹ãƒãƒ«ã‚’ç”Ÿã¿ã ã—ã¦ãã‚ŒãŸäº‹ã§è‡ªåˆ†é”ã‚‚ã‚¹ãƒãƒ«ã¨å‡ºä¼šãˆã‚‹äº‹ãŒã§ãå¹¸ã›ãªæ™‚é–“ã‚’éŽã”ã›ã¦ã„ã¾ã™ã€‚ã“ã‚Œã‹ã‚‰ã‚‚ã†ã„ãƒžãƒžã€ã‚¹ãƒãƒ«ã®äº‹ã‚’ãšã£ã¨å¿œæ´ã—ã¦ã„ã¾ã™ï¼,
Apai,Malaysia,Congratulations on your first exhibition!,åˆå‡ºå±•ãŠã‚ã§ã¨ã†ã”ã–ã„ã¾ã™ã€‚
ä»Šæ—¥,Japan,"å€‹å±•é–‹å‚¬ãŠã‚ã§ã¨ã†ã”ã–ã„ã¾ã™ã€‚
ã„ã¤ã‚‚ã—ãã‚Œã†ã„å…ˆç”Ÿã®æãç¶ºéº—ãªã‚¤ãƒ©ã‚¹ãƒˆã«ç™’ã•ã‚Œã¦ã„ã¾ã™ã€‚
ã“ã‚Œã‹ã‚‰ã‚‚æ´»å‹•ã‚’å¿œæ´ã—ã¦ã„ã¾ã™ï¼",
potato head,Philippines,hello! im not good at writing but i just want to say i love you and thank you for working hard!,ã“ã‚“ã«ã¡ã¯ï¼ç§ã¯æ–‡ç« ã‚’æ›¸ãã®ãŒå¾—æ„ã§ã¯ã‚ã‚Šã¾ã›ã‚“ãŒã€ç§ã¯ãŸã ã‚ãªãŸã‚’æ„›ã—ã¦ã„ã¦ã€ä¸€ç”Ÿæ‡¸å‘½åƒã„ã¦ãã‚Œã¦ã‚ã‚ŠãŒã¨ã†ã¨è¨€ã„ãŸã„ã§ã™ã€‚
Sam Raizman,USA,BIG Love from the USA,ã‚¢ãƒ¡ãƒªã‚«ã‹ã‚‰ã®BIGãªæ„›
flonul,France,"Hello from France and congratulation for your first Solo Exhibition ! Your art is amazing, keep on going!",ãƒ•ãƒ©ãƒ³ã‚¹ã‹ã‚‰ã“ã‚“ã«ã¡ã¯ã€åˆã®å€‹å±•é–‹å‚¬ãŠã‚ã§ã¨ã†ã”ã–ã„ã¾ã™ã€‚ã‚ãªãŸã®ä½œå“ã¯ç´ æ™´ã‚‰ã—ã„ã§ã™ã€‚
Mirco Dietrich,Germany,"Congratulations to your first solo exhibition, i hope everything goes well for you and i wish you all the best for the Future.",åˆã‚ã¦ã®å€‹å±•ã€ãŠã‚ã§ã¨ã†ã”ã–ã„ã¾ã™ã€‚ã™ã¹ã¦ãŒã†ã¾ãã„ãã€æœªæ¥ã®ã™ã¹ã¦ãŒæœ€é«˜ã§ã‚ã‚‹ã“ã¨ã‚’é¡˜ã£ã¦ã„ã¾ã™ã€‚
Henry,USA,å€‹å±•ãŠã‚ã§ã¨ã†ã”ã–ã„ã¾ã™ï¼,
ãƒã‚¿ãƒ¼ãƒˆãƒ¼ã‚¹ãƒˆ,Japan,"ãã‚Œã†ã„å…ˆç”Ÿï¼å€‹å±•ã®å‡ºå±•ãŠã‚ã§ã¨ã†ã”ã–ã„ã¾ã™ï¼
ã“ã‚Œã‹ã‚‰ã‚‚ã•ã•ã‚„ã‹ãªãŒã‚‰å¿œæ´ã•ã›ã¦ã„ãŸã ãã¾ã™ï¼ï¼",
é˜¿æœ,Taiwan,æ­å–œæ™‚é›¨æˆåŠŸèˆ‰è¾¦ç•«å±•ï¼Œå¸Œæœ›æœªä¾†å¯ä»¥ç¹¼çºŒçœ‹åˆ°æ™‚é›¨æ›´æ£’çš„å‰µä½œ,å±•è¦§ä¼šæˆåŠŸãŠã‚ã§ã¨ã†ã”ã–ã„ã¾ã™ï¼ä»Šå¾Œã‚‚ã—ãã‚Œã•ã‚“ã®ç´ æ™´ã‚‰ã—ã„ä½œå“ã«å‡ºä¼šãˆã‚‹ã“ã¨ã‚’æœŸå¾…ã—ã¦ã„ã¾ã™ã€‚
Milu,Taiwan,ã†ã„ãƒžãƒžã¯ä¸–ç•Œã§ä¸€ç•ªã‹ã‚ã„ã„ï¼ˆâŽâÌ´Ì›á´—âÌ´Ì›âŽï¼‰<3,
éƒ­æŸæ¯…,Taiwan,åŠ æ²¹,ãŒã‚“ã°ã‚Œï¼
duberjzerak,Canada,"I remember seeing your art for ""ã‚­ãƒ©ãƒ¡ã‚­å±…æ®‹ã‚Šå¤§æˆ¦äº‰"" and thinking it was beautiful! And now I see Shigure Ui and Subaru frequently. I love your art and attitude. I am cheering for you!",ã€Œã‚­ãƒ©ãƒ¡ã‚­å±…æ®‹ã‚Šå¤§æˆ¦äº‰ã€ã§ã‚ãªãŸã®ã‚¢ãƒ¼ãƒˆã‚’è¦‹ã¦ã€ãã‚ŒãŒç¾Žã—ã„ã¨æ€ã£ãŸã®ã‚’è¦šãˆã¦ã„ã¾ã™ï¼ ãã—ã¦ä»Šã€ã—ãã‚Œã†ã„ã¨ã‚¹ãƒãƒ«ã‚’ã‚ˆãè¦‹ã¾ã™ã€‚ ç§ã¯ã‚ãªãŸã®èŠ¸è¡“ã¨æ…‹åº¦ãŒå¤§å¥½ãã§ã™ã€‚ å¿œæ´ã—ã¦ã„ã¾ã™ï¼
æ¯…,Taiwan,è«‹ç¹¼çºŒåŠ æ²¹å–”,ã“ã‚Œã‹ã‚‰ã‚‚é ‘å¼µã£ã¦ãã ã•ã„ï¼
Claudia Li,Hong Kong,"ç¾½è¡£åª½åª½ä½ çš„ç•«ä½œå¾ˆå¥½çœ‹å¾ˆå¯æ„›,ä½ å‡ºçš„ç•«å†Šæˆ‘æœ‰è²·åˆ°,å¤§æ¦‚é‚„éœ€è¦7å¤©æ‰é€åˆ°æˆ‘æ‰‹ä¸Š,æˆ‘å¾ˆæœŸå¾…å–”,é›–ç„¶å·¥ä½œå¾ˆé‡è¦,ä½†ä¹Ÿè¦è¨˜å¾—ä¼‘æ¯,åˆ¥ç´¯å£žå–”,åŠ æ²¹ï¼","ã†ã„ãƒžãƒžã‚ãªãŸã®çµµã¯ã¨ã¦ã‚‚ç¾Žã—ãã¦ã‹ã‚ã„ã„ã§ã™,ã‚ãªãŸã®å†™çœŸã‚¢ãƒ«ãƒãƒ ã‚’è³¼å…¥ã—ã¾ã—ãŸ,ãŠå±Šã‘ã¾ã§7æ—¥ç¨‹åº¦ã‹ã‹ã‚Šã¾ã™,æ¥½ã—ã¿ã«ã—ã¦ã¾ã™,ä»•äº‹ã¯å¤§äº‹ã§ã™ãŒ,ã—ã‹ã—ä¼‘ã‚€ã“ã¨ã‚’å¿˜ã‚Œãªã„ã§ãã ã•ã„,ç–²ã‚Œã¦ã¯ã„ã‘ã¾ã›ã‚“,ãŒã‚“ã°ã‚Œï¼"
å¸Œ,Malaysia ,"è°¢è°¢ä¸€ç›´ä»¥æ¥çš„ç›´æ’­
è°¢è°¢ä½ å¸¦ç»™æˆ‘ä»¬æœ‰è¶£çš„ç›´æ’­
ç”»å±•åŠ æ²¹","ã„ã¤ã‚‚é¢ç™½ã„ã® é…ä¿¡ã‚ã‚ŠãŒã¨
çµµç”»å±•ãŒã‚“ã°ã‚Œ"
Kaiser-kun,Malaysia,I like your loli's voice.,ãƒ­ãƒªã®å£°ãŒå¥½ãã§ã™ã€‚
ã“ã¯ã‚‹,Japan,"ã—ãã‚Œã†ã„å…ˆç”Ÿï¼åˆå€‹å±•ãŠã‚ã§ã¨ã†ãªã®ï¼
ã¨ã£ã¦ã‚‚ã‚ã§ãŸã„ã®ï¼
ã‚¤ãƒ©ã‚¹ãƒˆãƒ¬ãƒ¼ã‚¿ãƒ¼ã¨ã—ã¦è‡³ã‚‹æ‰€ã§å…ˆç”Ÿã®ãŠåå‰ã‚’è¦‹ã¦ã€èžã„ã¦ã€ã¨ã¦ã‚‚å–œã°ã—ãæ€ã„ã¾ã™ã€‚ç¾Žã—ã„ã‚¤ãƒ©ã‚¹ãƒˆã¯ã‚‚ã¡ã‚ã‚“ã®ã“ã¨ã€æ§˜ã€…ãªã“ã¨ã«æŒ‘æˆ¦ã—ã¦ã„ãå…ˆç”Ÿã«æ†§ã‚Œã¦ã„ã¾ã™ã€‚çµµã‚’è¦‹ã‚‹ã“ã¨ã€çµµã‚’æãã“ã¨ã®æ¥½ã—ã•ã¯å…ˆç”Ÿã®ã‚¤ãƒ©ã‚¹ãƒˆã‹ã‚‰æ•™ãˆã¦ã„ãŸã ãã¾ã—ãŸã€‚ã‚ã‚ŠãŒã¨ã†ã”ã–ã„ã¾ã™...ï¼ï¼
å…ˆç”Ÿã®æãã‚¤ãƒ©ã‚¹ãƒˆã¯ã¨ã¦ã‚‚ã‹ã‚ã„ã‚‰ã—ãã€ç‰¹ã«æŒ‡ã®ç¹Šç´°ã•ã ã£ãŸã‚Šã€ãã‚‰ãã‚‰ã¨è¼ãçž³ãŒå¤§å¥½ãã§ã™ï¼
ã¾ãŸã€çµµå¸«100äººå±•ã‚‚ãŠã‚ã§ã¨ã†ã”ã–ã„ã¾ã™ï¼ç¾åœ°ã§è¦‹ã¦ãã¾ã—ãŸãŒã€ã™ã”ã...ã™ã”ã‹ã£ãŸã§ã™ï¼ˆèªžå½™åŠ›ï¼‰
ç”»é›†ã‚‚ç´ æ•µã§ã—ãŸã€‚å…ˆç”Ÿã®ä»Šã®çµµã¨æ˜”ã®çµµã¨ã—ãã‚Œã†ã„ã®æ­´å²ã‚’æ„Ÿã˜ã‚‰ã‚Œã‚‹æœ€é«˜ã®ç”»é›†ã§ã™ã€‚å¥³ã®å­ã€ç‰¹ã«å¥³å­é«˜ç”ŸãŒã€Œå¤§å¥½ãï¼ã€ã ã¨ä¼ã‚ã£ã¦ãã¾ã—ãŸã€‚
æœ€å¾Œã¨ãªã‚Šã¾ã™ãŒã€å…ˆç”Ÿã®æ›´ãªã‚‹ã”æ´»èºã¨ã”å¥å‹ã€ã•ã‚‰ã«ã”å¤šå¹¸ã‚’ãŠç¥ˆã‚Šã—ã¦ã„ã¾ã™ï¼ã“ã‚Œã‹ã‚‰ã‚‚é ‘å¼µã£ã¦ãã ã•ã„ï¼
ã§ã‚‚ã€ä¼‘ã‚ã‚‹ã¨ãã¯ã—ã£ã‹ã‚Šã¨ä¼‘ã‚“ã§ãã ã•ã„ã­ï¼Ÿ
",
kit,Hong Kong,æ­å–œ ç¾½è¡£åª½åª½ ,ãŠã‚ã§ã¨ã† ã†ã„ãƒžãƒž 
ã¿ãªãšã,Japan,"ã—ãã‚Œã†ã„ã›ã‚“ã›ã„ã€‚
åˆå€‹å±•ãŠã‚ã§ã¨ã†ã”ã–ã„ã¾ã™o(^â–½^)o
æŸ”ã‚‰ã‹ãè‰²å½©ã«æº¢ã‚Œã‚‹ä½œå“ã®æ•°ã€…ã‚’å€‹å±•ã¨ã„ã†å½¢ã§è¦‹ã«è¡Œã‘ã‚‹ã“ã¨ã‚’å¬‰ã—ãæ€ã„ã¾ã™ã€‚
ãŠç¥ã„ã¨æ„Ÿè¬ã‚’è¾¼ã‚ã¦ã€‚ãŠã‚ã§ã¨ã†ã”ã–ã„ã¾ã™ï¼",
Hong,Taiwan,ã‚ã‚ŠãŒã¨ã†ã”ã–ã„ã¾ã—ãŸ,
ãŸã‚“ã±ã‚“ã€‚,Japan,ã†ã„ãƒžãƒžåˆå€‹å±•ãŠã‚ã§ã¨ã†ã”ã–ã„ã¾ã™ï¼ã„ã¤ã‚‚ç´ æ™´ã‚‰ã—ã„çµµã‚’ã‚ã‚ŠãŒã¨ã†ï¼ï¼,
rayban47,USA,Congratulations Ui Mama!! I'm so excited for you!,ã†ã„ãƒžãƒžã•ã‚“ã€ãŠã‚ã§ã¨ã†ã”ã–ã„ã¾ã™! æ¥½ã—ã¿ã«ã—ã¦ã„ã¾ã™!
Omar,USA,Congratulations on your first exhibition!,åˆå€‹å±•ãŠã‚ã§ã¨ã†ã”ã–ã„ã¾ã™ï¼
JunWeiLi,Taiwan,å°‘ã—å‰ã«uiãƒžãƒžã®ãƒ©ã‚¤ãƒ–ãŒå¥½ãã§ã—ãŸã€œå°èª¬ã‚„ã‚¹ãƒãƒ«ã®ãƒ‡ã‚¶ã‚¤ãƒ³ã§ã®uiãƒžãƒžã®ã‚¤ãƒ©ã‚¹ãƒˆãŒã¨ã¦ã‚‚å¥½ãã§ã™ã€‚å±•ç¤ºä¼šã®uiãƒžãƒžãŠã‚ã§ã¨ã†ã”ã–ã„ã¾ã™~~~å¼•ãç¶šãã‚µãƒãƒ¼ãƒˆã—ã¾ã™ï¼,
ä½•æ–‡åº·,Malaysia,ç¾½è¡£å¦ˆå¦ˆåˆæ¬¡è§é¢ä½ å¥½ ouo è™½ç„¶æˆ‘æ˜¯ä¸ªDDä½†æ˜¯ä½ çš„ç›´æ’­å’Œæ’ç”»éƒ½è®©æˆ‘çš„ç”Ÿå‘½ä¸­æœ‰å¤šå‡ é“å¿«ä¹ä¹Ÿè®©æˆ‘å†³å®šæƒ³åŽ»è¿½æ±‚åˆ°æ’ç”»å®¶çš„æ¢¦æƒ³ çœŸå¿ƒåœ°æ„Ÿè°¢æ‚¨. ðŸ˜Œ,ã“ã‚“ã«ã¡ã¯ã€ã†ã„ãƒžãƒžã¯åˆã‚ã¦ä¼šã„ã¾ã—ãŸã€‚ç§ã¯DDã§ã™ãŒã€ç”Ÿæ”¾é€ã¨ã‚¤ãƒ©ã‚¹ãƒˆã®ãŠã‹ã’ã§ã€ç§ã¯äººç”Ÿã§ã‚‚ã£ã¨æ¥½ã—ããªã‚Šã€ã‚¤ãƒ©ã‚¹ãƒˆãƒ¬ãƒ¼ã‚¿ãƒ¼ã®å¤¢ã‚’è¿½ã†ã“ã¨ã«ãªã‚Šã¾ã—ãŸã€‚ã‚ˆã‚ã—ããŠé¡˜ã„ã—ã¾ã™ã€‚ðŸ˜Œ
æ°´å¤«(ã¿ãšãŠ),Japan,"å€‹å±•ã®é–‹å‚¬ã€ãŠã‚ã§ã¨ã†ã”ã–ã„ã¾ã™ï¼
ãŸãã•ã‚“ã®æ–¹ã«è¦‹ã¦ã‚‚ã‚‰ãˆã¾ã™ã‚ˆã†ã«å¿œæ´ã—ã¦ã„ã¾ã™ï¼
ãã—ã¦ã€ã¾ã™ã¾ã™ã®ã”æ´»èºã‚’ãŠç¥ˆã‚Šã—ã¦ãŠã‚Šã¾ã™ï¼ï¼ï¼",
ç¾©çˆ¶ã•ã¾,Taiwan,ã—ãã‚Œã†ã„å…ˆç”Ÿã€€åˆå€‹å±•ãŠã‚ã§ã¨ã†ã”ã–ã„ã¾ã™!,
Michael Lin,Taiwan,"ç¾½è¡£åª½åª½ï¼Œæ­å–œä½ èˆ‰è¾¦åˆç•«å±•ï¼Œå¯æƒœæˆ‘åœ¨å°ç£ç„¡æ³•å‰å¾€æ—¥æœ¬åƒåŠ ï¼æˆ‘ä¸€ç›´æœ‰åœ¨çœ‹ä½ çš„å¯¦æ³å”·ï¼è«‹ç¹¼çºŒåŠ æ²¹!å¸Œæœ›å°‡ä¾†èƒ½åœ¨å°ç£çœ‹åˆ°ä½ çš„ç•«å±•~
Ps.å°ç£ä¹Ÿæœ‰å¾ˆå¤šä½ çš„ç²‰çµ²ï¼Œä¹Ÿæœ‰å°ˆé–€ç¿»è­¯ä½ çš„å¯¦æ³ç²¾è¯çš„äººå€‘","ç¾½è¡£ã•ã‚“ã€åˆå€‹å±•ãŠã‚ã§ã¨ã†ã”ã–ã„ã¾ã™ï¼ã§ã‚‚æ®‹å¿µãªãŒã‚‰å°æ¹¾ã‹ã‚‰æ—¥æœ¬ã«ã¯è¡Œã‘ãªã„ã‚“ã§ã™ã‚ˆã­ã€‚ è¦‹ã¦ãŸã‚ˆï¼ ã“ã‚Œã‹ã‚‰ã‚‚é ‘å¼µã£ã¦ï¼ ä»Šå¾Œã®å°æ¹¾ã§ã®å±•ç¤ºä¼šã«æœŸå¾…ã—ã¦ã„ã¾ã™ã‚ˆï½žã€‚
P.S.å°æ¹¾ã«ã‚‚ã‚ãªãŸã®ãƒ•ã‚¡ãƒ³ãŒãŸãã•ã‚“ã„ã¦ã€ã‚ãªãŸã®å®Ÿç”Ÿæ´»ã®ãƒã‚¤ãƒ©ã‚¤ãƒˆã‚’ç¿»è¨³ã™ã‚‹ã“ã¨ã‚’å°‚é–€ã«ã—ã¦ã„ã‚‹äººãŸã¡ãŒã„ã¾ã™ã‚ˆ"
Berry Sweet,Philippines,"Hello, Shigure Ui! I love your illustrations and your art style. At first I was interested in you of Subaru but later I I realize that you are also entertaining. Thank you for everything!",ã—ãã‚Œã†ã„ã•ã‚“ã€ã“ã‚“ã«ã¡ã¯ã€‚ç§ã¯ã‚ãªãŸã®ã‚¤ãƒ©ã‚¹ãƒˆã¨ç”»é¢¨ãŒå¤§å¥½ãã§ã™ã€‚æœ€åˆã¯ã™ã°ã‚‹ã•ã‚“ã«èˆˆå‘³ã‚’æŒã£ã¦ã„ã¾ã—ãŸãŒã€å¾Œã«ãªã£ã¦ã‹ã‚‰ã¯ã€ã‚ãªãŸã‚‚æ¥½ã—ã¾ã›ã¦ãã‚Œã¦ã„ã‚‹ã“ã¨ã«æ°—ä»˜ãã¾ã—ãŸã€‚ã„ã¤ã‚‚ã‚ã‚ŠãŒã¨ã†ã”ã–ã„ã¾ã™ã€‚
Fã®äºº,Japan,"ã†ã„å…ˆç”Ÿåˆå€‹å±•ãŠã‚ã§ã¨ã†ã”ã–ã„ã¾ã™ï¼ï¼ï¼ï¼ã“ã“ã¾ã§ã“ã‚ŒãŸã®ã¯ã†ã„å…ˆç”Ÿã®çµµã€ãã—ã¦ã†ã„å…ˆç”Ÿãã®ã‚‚ã®ã®é­…åŠ›ã®è³œç‰©ã ã¨æ€ã„ã¾ã™ï¼ï¼
å°‘ã€…ã®è‡ªåˆ†èªžã‚ŠãŒå…¥ã‚Šã¾ã™ãŒãŠè¨±ã—ã‚’ã€‚

ã†ã„å…ˆç”Ÿã®ã“ã¨ã¯ã‚¹ãƒãƒ«ã¡ã‚ƒã‚“çµŒç”±ã§çŸ¥ã‚Šã¾ã—ãŸã€‚ãã‚Œã¨åŒæ™‚ã«ã†ã„å…ˆç”Ÿã®æŠ•ç¨¿ã•ã‚Œã¦ã„ãŸçµµã‚’è¦‹ã¦ä¸€æ°—ã«å¼•ãè¾¼ã¾ã‚Œã¾ã—ãŸã€‚æ›´ã«ãã“ã‹ã‚‰ã†ã„å…ˆç”Ÿã®é…ä¿¡å¸¸é€£(ã‚³ãƒ¡ã¯ã»ã¼ã—ãªã„ã‘ã©)ã«ãªã£ãŸã®ã¯è¨€ã†ã¾ã§ã‚‚ã‚ã‚Šã¾ã›ã‚“ã€‚
ã«ã˜ãã†ã•ãã€ã†ã„å…ˆç”Ÿç‰¹é›†ã®é›‘èªŒã€ã‚³ãƒŸã‚±ã®ã—ãã‚Œã©ãã€é›¨ã«æ‹ã†ã€ã‚²ãƒžã‚ºã€ã¨ã‚‰ã‚ãªã€ãƒ¡ãƒ­ãƒ–å…¨éƒ¨ã®é›¨ã«æ‹ã†ã®é™å®šã‚«ãƒ¼ãƒ‰ã‚’é›†ã‚ãŸã‚Š...ãªã©ã†ã„å…ˆç”Ÿã«å‡ºä¼šã£ãŸå¾Œã€ã†ã„å…ˆç”Ÿã«é–¢ã™ã‚‹ç‰©ã¯åŸºæœ¬çš„ã«è²·ã£ãŸã‚Šã—ã¦ãã¾ã—ãŸã€‚
è‡ªåˆ†ã«ä»Šã§ãã‚‹ç²¾ä¸€æ¯ã®å¿œæ´ã‚’ã—ã¦ããŸã®ã§ä½™è¨ˆã«ä»Šå›žã®åˆå€‹å±•ã®ç™ºè¡¨ã€åƒ•ã«ã¨ã£ã¦ã‚‚æœ¬å½“ã«å¬‰ã—ã‹ã£ãŸã§ã™ã€‚
ãã‚Œã¨åŒæ™‚ã«æŽ¨ã—ã¯ã“ã‚“ãªã«ã‚‚é ‘å¼µã£ã¦ã‚‹ã‚“ã ã€‚è‡ªåˆ†ã‚‚å­¦æ¥­ã«é›†ä¸­ã—ãªã„ã¨ãª...ã£ã¦ã„ã†æ°—æŒã¡ãŒæ¹§ã„ã¦ãã¾ã—ãŸã€‚
ã†ã„å…ˆç”Ÿã¯å¿ƒã®æ”¯ãˆã«ãªã£ã¦ã¾ã™ã€‚ã„ã¤ã‚‚ã‚ã‚ŠãŒã¨ã†ã”ã–ã„ã¾ã™ã€‚ãŠç–²ã‚Œæ§˜ã§ã™ã€‚
ä»Šå›žã®åˆå€‹å±•ã€çµ¶å¯¾ã«è¡Œãã¾ã™ã€‚
æ™®æ®µã¯çµ¶å¯¾ã“ã‚“ãªã“ã¨è¨€ãˆãªã„ã‘ã©å¤§å¥½ãã§ã™ã€‚ã“ã‚Œã‹ã‚‰ã‚‚ä¸€ç”Ÿã€ãšã£ã¨ã€æ­»ã¬ã¾ã§ã¤ã„ã¦ã„ãã®ã§è¦šæ‚Ÿã—ã¦ã¦ãã ã•ã„ã€‚",
Parallel,Korea,ã—ãã‚Œã†ã„å…ˆç”Ÿï¼åˆå€‹å±•æœ¬å½“ã«ãŠã‚ã§ã¨ã†ã”ã–ã„ã¾ã™ï¼ã‚¹ãƒå‹ã¨ã—ã¦ã‚‚ã—ãã‚Œã†ã„å…ˆç”Ÿå€‹äººã®ãƒ•ã‚¡ãƒ³ã¨ã—ã¦ã‚‚è‡ªåˆ†ã®ã“ã¨ã®ã‚ˆã†ã«ã¨ã¦ã‚‚ã¨ã¦ã‚‚å¬‰ã—ãæ„Ÿã˜ã¾ã—ãŸï¼æµ·å¤–ã‹ã‚‰ã‚‚å¾®åŠ›ãªãŒã‚‰å¿œæ´ã—ç¶šã‘ã¾ã™ã®ã§ã€ã“ã‚Œã‹ã‚‰ã‚‚ç´ æ•µãªçµµã¨ç´ æ•µãªé…ä¿¡ã€ã‚ˆã‚ã—ããŠé¡˜ã„ã—ã¾ã™ï¼,
suzuki16,Japan,ã†ã„ãƒžãƒžåˆå€‹å±•ãŠã‚ã§ã¨ã†ã”ã–ã„ã¾ã™ï¼ã†ã„ãƒžãƒžã®å¤¢ãŒå®Ÿç¾ã—ã¦ã„ãã®ãŒã¨ã¦ã‚‚å¬‰ã—ã„ã§ã™ï¼ã“ã‚Œã‹ã‚‰ã‚‚ã©ã‚“ã©ã‚“å¤¢ã‚’å¶ãˆã¦ã„ã£ã¦ãã ã•ã„ï¼,
Wendy,Singapore,"I really love your illustrations , please continue being the most seiso Illustrator on the internet ! Congratulations on the exhibition !
",ç§ã¯ã‚ãªãŸã®ã‚¤ãƒ©ã‚¹ãƒˆãŒå¤§å¥½ãã§ã™ã€‚ã‚¤ãƒ³ã‚¿ãƒ¼ãƒãƒƒãƒˆã§æœ€ã‚‚æ¸…æ¥šãªã‚¤ãƒ©ã‚¹ãƒˆãƒ¬ãƒ¼ã‚¿ãƒ¼ã§ã‚ã‚Šç¶šã‘ã¦ãã ã•ã„ï¼ å±•ç¤ºãŠã‚ã§ã¨ã†ã”ã–ã„ã¾ã™ï¼
ã›ãƒ¼ãµã,Japan,"ã†ã„å…ˆç”Ÿã€åˆå€‹å±•ãŠã‚ã§ã¨ã†ã”ã–ã„ã¾ã™ï¼ å¤¢ã‚’ã²ã¨ã¤ã²ã¨ã¤å¶ãˆã¦ã„ããã®ãŠå§¿ã¯ã€æœ¬å½“ã«ã‚«ãƒƒã‚³ã„ã„ã§ã™ã€‚
 2020å¹´ã¯ã‚¹ãƒãƒ«ä»¥å¤–ã«ã‚‚å¤šãã®ã‚³ãƒ©ãƒœé…ä¿¡ã€æœ¬æ ¼çš„ãªã”è‡ªèº«ã®Vtuberæ´»å‹•ã€ãã—ã¦ç”»é›†ç™ºå£²ã€ã¨é£›èºã®å¹´ã«ãªã‚Šã¾ã—ãŸã­ï¼
 ã„ã¤ã‚‚ç´ æ•µãªã‚¤ãƒ©ã‚¹ãƒˆã€é…ä¿¡ã€ã‚ã‚ŠãŒã¨ã†ã”ã–ã„ã¾ã™ï¼ã“ã‚Œã‹ã‚‰ã‚‚ãšã£ã¨å¿œæ´ã—ã¦ã„ã¾ã™ï¼",
Ryusei,Japan,"ã†ã„å…ˆç”Ÿåˆå€‹å±•ãŠã‚ã§ã¨ã†ã”ã–ã„ã¾ã™ï¼
åˆã®ç”»é›†ã®ã¿ãªã‚‰ãšã€å€‹å±•ã¨ãƒ‰ãƒ³ãƒ‰ãƒ³å¤¢ã‚’å¶ãˆã¦ã„ãå…ˆç”Ÿã®ãƒ•ã‚¡ãƒ³ã®ä¸€äººã¨ã—ã¦ã¨ã¦ã‚‚å¬‰ã—ãæ€ã„ã¾ã™ã€‚
ã“ã‚Œã‹ã‚‰ã‚‚å‹¢ã„æ­¢ã¾ã‚‹ã“ã¨ãªã„ã†ã„å…ˆç”Ÿã®ã”æ´»èºã‚’å¿œæ´ã—ã¦ã„ã¾ã™ï¼ï¼ï¼",
ãƒ­ã‚Šã†ã„ãŒè¦‹ãŸã„,Malaysia,ã†ã„ãƒžãƒžã€å€‹å±•ã‚’é–‹ãã“ã¨ãŒã§ãã¦ãŠã‚ã§ã¨ã†ã€‚æ®‹å¿µãªãŒã‚‰å€‹å±•ã‚’å‚åŠ ã™ã‚‹ã“ã¨ãŒã§ããªã„ã‘ã©ãƒžãƒžã‚’å¿œæ´ã—ã¾ã™ã€‚å€‹å±•ãŒé †èª¿ã«è¡Œã£ã¦ã‚‚ã‚‰ãˆã°ã¨æ€ã„ã¾ã™ã€‚,
KUO,Taiwan,"ç¾½è¡£åª½åª½æˆ‘å¾ˆå–œæ­¡å¦³çš„å¯¦æ³è·Ÿç•«ä½œå–”,é›–ç„¶æˆ‘ä¸èƒ½åŽ»,å¸Œæœ›å¦³çš„ç•«å±•å¯ä»¥é †åˆ©,ç•«å±•è«‹åŠ æ²¹!",ã†ã„ãƒžãƒžã€ãƒ©ã‚¤ãƒ–ã‚„çµµãŒã¨ã¦ã‚‚å¥½ãã§ã™ã€‚è¡Œã‘ã¾ã›ã‚“ãŒã€é †èª¿ã«è¡Œã‘ãŸã‚‰ã„ã„ãªã¨æ€ã„ã¾ã™ã®ã§ã€å€‹å±•é ‘å¼µã‚Œï¼
ã•ãŒã‚ŠãŒã‚Š,Japan,ã†ã„å…ˆç”Ÿå€‹å±•é–‹å‚¬ãŠã‚ã§ã¨ã†ã”ã–ã„ã¾ã™ï¼ã†ã„å…ˆç”Ÿã®ã‚¤ãƒ©ã‚¹ãƒˆã¨vtuberã¨ã—ã¦ã®é…ä¿¡ã©ã¡ã‚‰ã‚‚æ¥½ã—ã¾ã›ã¦ã‚‚ã‚‰ã£ã¦ãŠã‚Šã¾ã™ã€‚ã“ã‚Œã‹ã‚‰ã‚‚ç›Šã€…ã®ã”æ´»èºãŠç¥ˆã‚Šã—ã¦ãŠã‚Šã¾ã™ã€‚æœ€å¾Œã«æœ¬å½“ã«å€‹å±•é–‹å‚¬ãŠã‚ã§ã¨ã†ã”ã–ã„ã¾ã™ï¼,
ã‚ãƒ¼ã‚‹,Japan,"ã—ãã‚Œã†ã„å…ˆç”Ÿã€åˆå€‹å±•æœ¬å½“ã«ãŠã‚ã§ã¨ã†ã”ã–ã„ã¾ã™ï¼ï¼ã†ã„å…ˆç”Ÿã‚’çŸ¥ã£ãŸã®ã¯è‡ªåˆ†ã®æœ€æŽ¨ã—ã®å¤§ç©ºã‚¹ãƒãƒ«ã¡ã‚ƒã‚“ã®ãƒžãƒžã•ã‚“ã¨ã—ã¦ã§ã—ãŸã€‚ã†ã„å…ˆç”Ÿã®ä½œå“ã‚‚ã‚¹ãƒãƒ«ã¡ã‚ƒã‚“ã®ã‚¤ãƒ©ã‚¹ãƒˆã‚’è¦‹ã‚‹äº‹ãŒå¤šã„ã§ã™ãŒã©ã‚Œã‚‚ã‚¹ãƒãƒ«ã¡ã‚ƒã‚“ã®è‰¯ã•ãŒç¾ã‚Œã¦ã„ã¦å¤§å¥½ããªã‚¤ãƒ©ã‚¹ãƒˆã°ã‹ã‚Šã§ã™ï¼ç‰¹ã«ã€ŒãƒŽãƒ³ã‚¹ãƒˆãƒƒãƒ—ãƒ»ã‚¹ãƒˆãƒ¼ãƒªãƒ¼ã€ã®å‰æ—¥ã«Twitterã«ä¸Šã’ã¦ä¸‹ã•ã£ãŸã‚¹ãƒãƒ«ã¡ã‚ƒã‚“ã®ã‚¢ã‚¤ãƒ‰ãƒ«è¡£è£…ã®ã‚¤ãƒ©ã‚¹ãƒˆãŒå¤§å¥½ãã§ã€å½“æ™‚è¦‹ãŸæ™‚ã«ã¯ã€ã„ã£ã¦ã‚‰ã£ã—ã‚ƒã„ã®æ–‡å­—ã¨ã‚¤ãƒ©ã‚¹ãƒˆã«ã“ã‚ã‚‰ã‚ŒãŸã†ã„ãƒžãƒžã®å„ªã—ã•ã‚„æ§˜ã€…ãªæ€ã„å‡ºãŒæµ®ã‹ã‚“ã§å¤œè¡Œãƒã‚¹ã®å‡ºç™ºå‰ã«å·æ³£ã—ã¦ã„ãŸã®ã‚’æ€ã„å‡ºã—ã¾ã™ã€‚
ä»Šã§ã‚‚å¤§å¥½ããªã‚¤ãƒ©ã‚¹ãƒˆã§ã™ï¼
ã¾ãŸã€ã†ã„ãƒžãƒžã¨ã—ã¦ã®å€‹äººé…ä¿¡ã‚„å¤§ç©ºå®¶ã‚³ãƒ©ãƒœã€ãã®ä»–ã®ã‚³ãƒ©ãƒœãªã©ã§ã®é¢ç™½ã„ãƒˆãƒ¼ã‚¯ã‚„ãƒªã‚¢ã‚¯ã‚·ãƒ§ãƒ³ç­‰ã®æ‰èƒ½ã¨é­…åŠ›ã‚ãµã‚Œã‚‹æ´»å‹•ã‹ã‚‰å¤§å¥½ãã«ãªã£ã¦ã„ã¾ã—ãŸï¼ã‚‚ã¡ã‚ã‚“ãƒ­ãƒªã‚„æ­Œã€ç½°ã‚²ãƒ¼ãƒ ç­‰ã§è¦‹ã›ã‚‹ã‚ˆã‚ã‚ˆã‚ã‹ã‚ã„ã„ã†ã„ãƒžãƒžã‚‚å¤§å¥½ãã§ã™ï¼åƒ•ã¯ã†ã„ãƒ»ãŠã‚“ãƒ»ã™ã¦ãƒ¼ã˜ã®ãƒ•ã‚¡ãƒ³ã‚µãŒä¸€ç•ªã®ãŠæ°—ã«å…¥ã‚Šã§ã™ï¼
ã“ã‚Œã‹ã‚‰ã‚‚ã†ã„ãƒžãƒžã¨ã—ã¦ã€ãã—ã¦ã—ãã‚Œã†ã„å…ˆç”Ÿã¨ã—ã¦ç›Šã€…ã®ã”æ´»èºã‚’ãŠç¥ˆã‚Šã—ã¦ã„ã¾ã™ã€‚æœ¬å½“ã«åˆå€‹å±•ãŠã‚ã§ã¨ã†ã”ã–ã„ã¾ã™ï¼",
Ranigad,USA,"Hey Ui-Mama, you're my favorite vtuber and I enjoy watching you stream whenever I can. I absolutely love Shigure Ui's character design and voice and your sense of humor and personality is really fun to watch. Congratulations on your solo exhibition! I hope that more people discover your channel and you continue to grow and I hope that you are having fun with all that you do. Best wishes from a big overseas fan!",ã“ã‚“ã«ã¡ã¯Ui-Mamaã€ã‚ãªãŸã¯ç§ã®ãŠæ°—ã«å…¥ã‚Šã®vtuberã§ã™ã€‚ç§ã¯ã§ãã‚‹é™ã‚Šã„ã¤ã§ã‚‚ã‚ãªãŸãŒã‚¹ãƒˆãƒªãƒ¼ãƒŸãƒ³ã‚°ã‚’è¦–è´ã™ã‚‹ã®ã‚’æ¥½ã—ã‚“ã§ã„ã¾ã™ã€‚ ã—ãã‚Œã†ã„ã®ã‚­ãƒ£ãƒ©ã‚¯ã‚¿ãƒ¼ãƒ‡ã‚¶ã‚¤ãƒ³ã¨å£°ãŒå¤§å¥½ãã§ã™ã€‚ãƒ¦ãƒ¼ãƒ¢ã‚¢ã¨å€‹æ€§ã®ã‚»ãƒ³ã‚¹ãŒã¨ã¦ã‚‚æ¥½ã—ã„ã§ã™ã€‚ å€‹å±•ã€ãŠã‚ã§ã¨ã†ã”ã–ã„ã¾ã™ï¼ ã‚ˆã‚Šå¤šãã®äººãŒã‚ãªãŸã®ãƒãƒ£ãƒ³ãƒãƒ«ã‚’è¦‹ã¤ã‘ã€ã‚ãªãŸãŒæˆé•·ã—ç¶šã‘ã‚‹ã“ã¨ã‚’é¡˜ã£ã¦ã„ã¾ã™ã€‚ æµ·å¤–ã®å¤§ãƒ•ã‚¡ãƒ³ã‹ã‚‰ã®ã”å¤šå¹¸ã‚’ï¼
77,Hong Kong,ã†ã„ãƒžãƒžå±•è¦§ä¼šãŠã‚ã§ã¨ã†ã”ã–ã„ã¾ã™ç§ã¯æœ€è¿‘ã€ãƒžãƒžã«ç›®ã‚’å‘ã‘å§‹ã‚ãŸã°ã‹ã‚Šã§ã™ãŒã€ãƒžãƒžã¯ã„ã¤ã‚‚ç”Ÿæ”¾é€ã‚’æ¥½ã—ã‚“ã§ã„ã¾ã™ï¼æ–°åž‹ã‚³ãƒ­ãƒŠã‚¦ã‚¤ãƒ«ã‚¹æ„ŸæŸ“ç—‡ã®ãŸã‚æ—¥æœ¬ã«æ¥ã‚‰ã‚Œã¾ã›ã‚“ã§ã—ãŸãŒã€ä»Šå¾Œã‚‚ãƒžãƒžã‚’å¿œæ´ã—ã¦ã„ãã¾ã™ã®ã§ã€ã‚ˆã‚ã—ããŠé¡˜ã„ã—ã¾ã™ï¼,
å…ƒNara,Taiwan,ã—ãã‚Œã†ã„ é¦–æ¬¡å€‹å±•èˆ‰è¾¦ æ­å–œä½  è¦ç¹¼çºŒåŠ æ²¹!!,"
ã—ãã‚Œã†ã„åˆå€‹å±•é–‹å‚¬ãŠã‚ã§ã¨ã†ã”ã–ã„ã¾ã™ï¼"
å¼µå“²ç‘‹,Taiwan,"æ­å–œã—ãã‚Œã†ã„è€å¸«çš„é¦–æ¬¡å€‹å±•!!!
èªè­˜åˆ°è€å¸«é‚„æ˜¯å› ç‚ºhololiveçš„å¤§å®¶å’Œè€å¸«çš„é€£å‹•æ´»å‹•ï¼Œä¹‹å¾Œå°±å› ç‚ºè€å¸«æº«æŸ”çš„æ€§æ ¼å’Œæ¯’èˆŒçš„åå·®è€Œé—œæ³¨äº†è€å¸«ã€‚ä»”ç´°çš„åŽ»çœ‹äº†çœ‹è€å¸«ä»¥å‰çš„æ’ç•«ä½œå“ï¼Œæ„å¤–åœ°ç™¼ç¾çœ‹çš„è¼•å°èªªæ’åœ–æ˜¯è€å¸«ç•«çš„! åŒæ™‚ä¹Ÿéžå¸¸å–œæ­¡è€å¸«çš„ä½œå“!
æ‰€ä»¥ç¥è³€ã†ã„è€å¸«çš„é¦–æ¬¡å€‹å±•åœ“æ»¿é †åˆ©~~",ã—ãã‚Œã†ã„ã•ã‚“ã®åˆå€‹å±•ã€ãŠã‚ã§ã¨ã†ã”ã–ã„ã¾ã™!!! å…ˆç”Ÿã¯ã¾ã ãƒ›ãƒ­ãƒ©ã‚¤ãƒ–ã®äººã¨å…ˆç”Ÿã®ãµã‚Œã‚ã„ã®ã›ã„ã ã¨æ°—ã¥ãã€å„ªã—ã„æ€§æ ¼ã¨æ¯’èˆŒã®å¯¾æ¯”ã§å…ˆç”Ÿã«æ³¨æ„ã‚’å‘ã‘ã¾ã—ãŸã€‚å…ˆç”Ÿã®ä»¥å‰ã®ã‚¤ãƒ©ã‚¹ãƒˆã‚’ã‚ˆãè¦‹ã¦ã¿ã‚‹ã¨ã€æ€ã„ãŒã‘ãªãè¦‹ãŸãƒ©ã‚¤ãƒˆãƒŽãƒ™ãƒ«ã®ã‚¤ãƒ©ã‚¹ãƒˆã¯å…ˆç”ŸãŒæã„ãŸã‚‚ã®ã§ã‚ã‚‹ã¨åŒæ™‚ã«ã€å…ˆç”Ÿã®ä½œå“ã‚‚ã¨ã¦ã‚‚æ°—ã«å…¥ã£ã¦ã„ã¾ã™ï¼ ã¨ã„ã†äº‹ã§ã†ã„å…ˆç”Ÿåˆå€‹å±•ãŠã‚ã§ã¨ã†ã”ã–ã„ã¾ã™~~
æŽå­å¯¬,Taiwan,æ­å–œåˆå€‹å±•ï¼ä¸€ç›´ä»¥ä¾†éƒ½æœ‰åœ¨é—œæ³¨ç¾½è¡£åª½åª½çš„æ´»å‹•ï¼ŒæŽ¥ä¸‹ä¾†ä¹Ÿæœƒä¸€ç›´æ‡‰æ´çš„ï¼,åˆå€‹å±•ãŠã‚ã§ã¨ã†ã”ã–ã„ã¾ã™ï¼ ã„ã¾ã¾ã§ãšã£ã¨ã†ã„ãƒžãƒžã®æ´»å‹•ã‚’æ³¨ç›®ã—ã¦ã„ã¾ã™ã‹ã‚‰ã€ã“ã‚Œã‹ã‚‰ã‚‚å¿œæ´ã—ã¦ã„ãã¾ã™ï¼
Ache,Italy,"Congratulations on your exhibition, we hope to see many more in the future!","å±•ç¤ºä¼šé–‹å‚¬ãŠã‚ã§ã¨ã†ã”ã–ã„ã¾ã™!
ã“ã‚Œã‹ã‚‰ã‚‚ãŸãã•ã‚“ã®ä½œå“ã‚’æœŸå¾…ã—ã¦ã„ã¾ã™!"
TheDinoflagellate,Canada,Congratulations Shigure UI-sensei! Looking forward to more of your work!,ã—ãã‚Œã†ã„å…ˆç”Ÿã€ãŠã‚ã§ã¨ã†ã”ã–ã„ã¾ã™ã€‚ã“ã‚Œã‹ã‚‰ã®æ´»èºã«æœŸå¾…ã—ã¦ã„ã¾ã™
æœ¬ç‰©Â·JK,Hong Kong,ã†ã„ãƒžãƒžã€åˆå€‹å±•ãŠã‚ã‚“ã¦ã¨ï¼ï¼ï¼ç§ã®æ—¥æœ¬èªžã¯ã¾ã¾ã§ã™ã€ã§ã‚‚ã“ã“ã§ãŠã‚ã§ã¨ã†ã¯æ¬²ã—ã„â™¡,
ã‚¢ãƒ“ãƒ¼ã‚½ãƒ¼ã‚¹ï¼¯ï½•ï¼¯,Taiwan,å…¨åŠ›ã§å¿œæ´ã™ã‚‹ã‚ˆ,
ã‚‰ã‚‹ã£ã“ã€‚,Japan,åˆå€‹å±•é–‹å‚¬ã€ãŠã‚ã§ã¨ã†ã”ã–ã„ã¾ã™ï¼ã†ã„å…ˆç”Ÿã®æã‹ã‚Œã‚‹ã€é®®ã‚„ã‹ã§ç‘žã€…ã—ã„å¥³ã®å­ãŸã¡ãŒã‚®ãƒ£ãƒ©ãƒªãƒ¼ã«é£¾ã‚‰ã‚Œã‚‹ã®ã¯ã¨ã¦ã‚‚å–œã°ã—ã„ã§ã™ã€‚æ”¹ã‚ã¦ãŠã‚ã§ã¨ã†ã”ã–ã„ã¾ã™ã€‚,
Itha,HongKong,"I had just started viewing ã†ã„å…ˆç”Ÿ's videos months ago, I was attracted and amused by your art pieces. Congratulations for your first solo exhibitation. For all I can't visit the exhibition, I hope ã†ã„å…ˆç”Ÿ will receive my deepest appreciation and respect.",æ•°ãƒ¶æœˆå‰ã«ã†ã„å…ˆç”Ÿã®ãƒ“ãƒ‡ã‚ªã‚’è¦‹å§‹ã‚ãŸã°ã‹ã‚Šã§ã€ã‚ãªãŸã®ä½œå“ã«æƒ¹ã‹ã‚Œã€é¢ç™½ãŒã£ã¦ã„ã¾ã—ãŸã€‚ åˆå€‹å±•ãŠã‚ã§ã¨ã†ã”ã–ã„ã¾ã™ã€‚ å±•ç¤ºä¼šã«ã¯è¡Œã‘ãªã„ã®ã§ã€ã†ã„å…ˆç”Ÿã«å¿ƒã‹ã‚‰ã®æ„Ÿè¬ã¨æ•¬æ„ã‚’è¡¨ã—ãŸã„ã¨æ€ã„ã¾ã™ã€‚
å¤©ä½¿mona,Hong Kong,ã“ã®ä¸–ã®ä¸­ã§ã€ã†ã„ãƒžãƒžãŒä¸€ç•ªå¯æ„›ã„ã§ã™,
Yuki,Taiwan,æ­å–œã—ãã‚Œã†ã„ å¦³çš„ç•«éƒ½å¾ˆæ£’å‘¢,ã—ãã‚Œã†ã„ãŠã‚ã§ã¨ã†ã”ã–ã„ã¾ã™ã€ã‚ãªãŸã®çµµã¯ç´ æ™´ã‚‰ã—ã„ã§ã™ã­ã€‚
GU,Taiwan,ç¾½è¡£åª½åª½å¯ä»¥è¸©æˆ‘å—Ž,ã†ã„ã¡ã‚ƒã‚“ã€è¸ã‚“ã§ãã‚Œã‚‹ï¼Ÿ
æ¸¸å‡±ç¿”,Taiwan,ç¾½ä¾åª½åª½ç”Ÿæ—¥å¿«æ¨‚ï¼Œä»¥å¾Œè¦ç¹¼çºŒåŠªåŠ›æ­ï¼ï¼,ã†ã„ãƒžãƒžã€ãŠèª•ç”Ÿæ—¥ãŠã‚ã§ã¨ã†ã”ã–ã„ã¾ã™ï¼ã“ã‚Œã‹ã‚‰ã‚‚é ‘å¼µã£ã¦ãã ã•ã„ã­
ã‚ãŠã¤ã,Taiwan,ã†ã„å…ˆç”Ÿå¤§å¥½ã!,
Mr.Blue,Malaysia,I love your drawings and live streams. Keep doing what you're doing. I wish you all the best., ç§ã¯ã‚ãªãŸã®çµµã¨ãƒ©ã‚¤ãƒ–ã‚¹ãƒˆãƒªãƒ¼ãƒ ãŒå¤§å¥½ãã§ã™ã€‚ è‡ªåˆ†ãŒã‚„ã£ã¦ã„ã‚‹ã“ã¨ã‚’ç¶šã‘ã¦ãã ã•ã„ã€‚ ä»Šå¾Œã®æ›´ãªã‚‹ã”æ´»èºã‚’æœŸå¾…ã—ã¦ãŠã‚Šã¾ã™ã€‚
æ‚‰ãã‚’æ»…ã¼ã™ãƒã‚‹ã‚®ã•ã‚“,Japan,"ã“ã®åº¦ã¯å€‹å±•ã®ã”é–‹æ¥­ãŠã‚ã§ã¨ã†ã”ã–ã„ã¾ã™ï¼ã„ã¤ã‚‚ç´ æ™´ã‚‰ã—ã„ä½œå“ã‚’å±Šã‘ã¦ä¸‹ã•ã‚Šã‚ã‚ŠãŒã¨ã†ã”ã–ã„ã¾ã™ï¼ã—ãã‚Œã†ã„å…ˆç”Ÿã®ã¾ã™ã¾ã™ã®ã”æ´»èºã¨ã”å¥å‹ã‚’ç¥ˆå¿µç”³ã—ä¸Šã’ã¾ã™ã€‚
ã†ã„ãƒžãƒžãŠã‚ã§ã¨ã†ã€œï¼ï¼",
Alexandre,France,FÃ©licitations Ui-mama !,ãŠã‚ã§ã¨ã†ã”ã–ã„ã¾ã™ã€ã†ã„ãƒžãƒž!
YOYO,Taiwan,æ­å–œã†ã„ãƒžãƒžçš„ç¬¬ä¸€æ¬¡å€‹å±•ï¼Œä¸€ç›´ä»¥ä¾†éƒ½å¾ˆå–œæ­¡å¦³çš„ç•«ä½œï¼Œå¦³çš„ç•«ä½œå¸¶çµ¦äº†æˆ‘å¾ˆå¤šçš„å…ƒæ°£Ù©(ï½¡ãƒ»Ï‰ãƒ»ï½¡)ï»¿Ùˆ,åˆã‚ã¦ã®å€‹å±•ã€ã†ã„ãƒžãƒžãŠã‚ã§ã¨ã†ã”ã–ã„ã¾ã™ã€‚ç§ã¯ã„ã¤ã‚‚ã‚ãªãŸã®çµµãŒå¥½ãã§ã—ãŸã€‚ã‚ãªãŸã®çµµã¯ç§ã«æ´»åŠ›ã‚’ä¸Žãˆã¦ãã‚Œã¾ã—ãŸÙ©(ï½¡ãƒ»Ï‰ãƒ»ï½¡)ï»¿Ùˆ
Yuki,Taiwan,I am a student from Taiwan.Your video always can make smile.,"å°æ¹¾ã‹ã‚‰æ¥ãŸå­¦ç”Ÿã§ã™ã€‚
ã‚ãªãŸã®å‹•ç”»ã¯ã„ã¤ã‚‚ç¬‘é¡”ã«ã•ã›ã¦ãã‚Œã¾ã™ã€‚"
ãƒžãƒ’ãƒ­ã•ã‚“,Malaysia,ã†ã„ãŠå¬¢ã€å€‹å±•é †èª¿ã®æ§˜ã«ç¥ˆã‚Šã‚’æ§ã’ã¾ã™ã€‚,
AD,Hong Kong,è¬è¬ä½ ä¸€ç›´ä»¥ä¾†å¸¶ä¾†çš„ç›´æ’­ï¼Œè«‹å°‡ä¾†ç¹¼çºŒè®“è§€çœ¾å€‘æ­¡æ¨‚,ã“ã‚Œã‹ã‚‰ã‚‚ãƒ©ã‚¤ãƒ–ã‚’ã‚ˆã‚ã—ããŠé¡˜ã„ã—ã¾ã™ï¼
shadow liu,Taiwan,ç¾½è¡£åª½åª½æ­å–œä½ è¾¦å€‹äººç•«å±• èª å¿ƒç¥è³€ä½ åœ¨æœªä¾†èƒ½å¤ æ›´åŠ çš„åŽ²å®³ åŠ æ²¹ï¼,ãƒžãƒžãƒ¦ã‚¤ã€å€‹å±•ã€ãŠã‚ã§ã¨ã†ã”ã–ã„ã¾ã™ã€‚ä»Šå¾Œã®ãƒ‘ãƒ¯ãƒ•ãƒ«ãªæ´»èºã‚’ãŠç¥ˆã‚Šã—ã¾ã™ã€‚
ã‚®ãƒ©,Taiwan,"ã†ã„ãƒžãƒžã€åˆå€‹å±•ãŠã‚ã§ã¨ã†ã”ã–ã„ã¾ã™ï¼
ã†ã„ãƒžãƒžãŒæã„ãŸã‹ã‚ã„ã„ã‚¤ãƒ©ã‚¹ãƒˆã¨ã‹ã‚ã„ã„å€‹æ€§ã¯åƒ•å¤§å¥½ããªã©ã“ã‚ã§ã™ï¼
ã“ã‚Œã‹ã‚‰ã‚‚å¿œæ´ã—ã¾ã™ï¼",
å‘‚ç¿Šè±ª,Taiwan,è¬è¬ç¾½è¡£åª½åª½å¸¶çµ¦æˆ‘å€‘é€™éº¼å¤šå¿«æ¨‚,"ã†ã„ãƒžãƒž, ãŸãã•ã‚“ã®å¹¸ã›ã‚’ã‚ã‚ŠãŒã¨ã†"
å¾Œè¼©é­‚,Japan,"åˆå€‹å±•ã®é–‹å‚¬ãŠã‚ã§ã¨ã†ã”ã–ã„ã¾ã™ã€‚1äººã®ã‚¹ãƒå‹ã¨ã—ã¦å¿ƒã‚ˆã‚ŠãŠç¥ã„ç”³ã—ä¸Šã’ã¾ã™ã€‚
å¤§ç©ºã‚¹ãƒãƒ«ã¡ã‚ƒã‚“ã‚’åˆã‚ã¨ã—ã¦ã†ã„ãƒžãƒžã®æ˜Žã‚‹ã•ãŒä¼ã‚ã£ã¦ãã‚‹ã‚¤ãƒ©ã‚¹ãƒˆãŒå¤§å¥½ãã§ã™ï¼
ä»Šå¾Œã‚‚å¤§ç©ºå®¶ãªã©ã®ãƒãƒ¼ãƒãƒ£ãƒ«ãƒ¦ãƒ¼ãƒãƒ¥ãƒ¼ãƒãƒ¼ã®æ´»èºã‚‚æ¥½ã—ã¿ã§ã™ãŒã€ã‚¤ãƒ©ã‚¹ãƒˆãƒ¬ãƒ¼ã‚¿ãƒ¼ã—ãã‚Œã†ã„ã®ã¾ã™ã¾ã™ã®ã”æ´»èºã‚’æœŸå¾…ã—ã¦ãŠã‚Šã¾ã™ï¼",
SF,Malaysia,Congratulations on your first solo exhibition! I love your streams and drawings! Love and support from Malaysia!!,åˆå€‹å±•ãŠã‚ã§ã¨ã†ï¼ï¼å…ˆç”Ÿã®é…ä¿¡ã‚„çµµãŒã™ã”ãå¥½ãã§ã™ï¼ã“ã‚Œã‹ã‚‰ã‚‚ã‚ˆã‚ã—ããŠé¡˜ã„ã—ã¾ã™ï¼ãƒžãƒ¬ãƒ¼ã‚·ã‚¢ã‹ã‚‰ã®ãƒ•ã‚¡ãƒ³ã§ã—ãŸï¼
tomomega,Hong Kong,"ä¾†è‡ªé¦™æ¸¯çš„å•å€™,å¾žåˆ¥äººçš„ç¿»è­¯å½±ç‰‡çŸ¥é“æ‚¨,å¸Œæœ›æ´»å‹•ä¸€åˆ‡é †åˆ©!",é¦™æ¸¯ã‹ã‚‰ã®æŒ¨æ‹¶ã€ä»–ã®äººã®ç¿»è¨³ã•ã‚ŒãŸãƒ“ãƒ‡ã‚ªã‹ã‚‰ã‚ãªãŸã‚’çŸ¥ã£ã¦ã„ã¾ã™ã€ãã—ã¦ã‚¤ãƒ™ãƒ³ãƒˆãŒã†ã¾ãã„ãã“ã¨ã‚’é¡˜ã£ã¦ã„ã¾ã™ï¼
HaS,Japan,"ãŠä»•äº‹ã‚‚ãŠå¿™ã—ã„ã§ã—ã‚‡ã†ã«ã„ã¤ã‚‚æ¥½ã—ã„é…ä¿¡ã‚‚ã‚ã‚ŠãŒã¨ã†ã”ã–ã„ã¾ã™ï¼ï¼ï¼ï¼ï¼
ã‚¤ãƒ©ã‚¹ãƒˆãƒ¬ãƒ¼ã‚¿ãƒ¼ã¨ã—ã¦ã®ã—ãã‚Œã†ã„ã‚‚ã€é…ä¿¡è€…ã¨ã—ã¦ã®ã—ãã‚Œã†ã„ã‚‚ã€ã“ã‚Œã‹ã‚‰ã‚‚å¿œæ´ã—ã¦ãŠã‚Šã¾ã™ï¼ï¼",
shing,Hong Kong,å–œæ¬¢çœ‹åˆ«äººç”»ç”»:D,äººã®çµµã‚’è¦‹ã‚‹ã®ãŒå¥½ãã§ã™ã€‚ï¼šD
ã‚±ãƒ«ãƒ“ãƒ³,Hong Kong,æˆ‘æœƒä¸€ç”Ÿåªæ”¯æŒç¾½è¡£åª½åª½ï¼,ã„ã¤ã¾ã§ã‚‚ã†ã„ãƒžãƒžã ã‘ã‚’å¿œæ´ã—ã¾ã™ ï¼
Adam Loh,Malaysia,love you and wish you have the best of your future~,ã‚ãªãŸã®æœªæ¥ãŒå¹¸ã›ã§ç´ æ™´ã‚‰ã—ã„ã‚‚ã®ã§ã‚ã‚‹ã“ã¨ã‚’ç¥ˆã£ã¦ã„ã¾ã™~
CIC,UK,Goodluck,ã‚°ãƒƒãƒ‰ãƒ©ãƒƒã‚¯
Super DD,Hong Kong,ã“ã‚“ã«ã¡ã¯ã€ç§ã¯æœ€è¿‘ãƒ›ãƒ­ãƒ©ã‚¤ãƒ–ã«å¤¢ä¸­ã«ãªã£ã¦ã„ã‚‹äººã§ã€ã„ã¤ã‚‚ã‚ãªãŸã‚’ã‚µãƒãƒ¼ãƒˆã—ã¾ã™ã€‚,
ç™½é›¨,Taiwan,æ‚¨å¥½ æˆ‘ä¸€ç›´å¾ˆå´‡æ‹œç¾½è¡£é¦¬éº» é›–ç„¶ç„¡æ³•è¦ªè‡ªåˆ°ç¾å ´çœ‹æ‚¨çš„ç•«å±• ä½†æˆ‘æœƒä¸€ç›´æ”¯æŒè‘—æ‚¨çš„,ã“ã‚“ã«ã¡ã¯ã€ç§ã¯ãšã£ã¨ã—ãã‚Œã†ã„ã•ã‚“ã®å¤§ãƒ•ã‚¡ãƒ³ã§ã€è¦³åŠ‡ã«è¡Œã‘ãªã‹ã£ãŸã‘ã©ã€ã„ã¤ã‚‚å¿œæ´ã—ã¦ã„ã¾ã™ã€‚
ã‚¨ãƒ­ã®ã‹ã¿ã•ã‚“,Taiwan,"æˆ‘å¾ˆå–œæ­¡ç¾½è¡£ä½ è®Šæˆè…¹é»‘è˜¿èŽ‰æ™‚çš„æ¨£å­, çœŸçš„ååˆ†å¯æ„›! è«‹ç¹¼çºŒåŠªåŠ›ä¸‹åŽ»! æˆ‘æœƒä¸€ç›´æ”¯æŒç¾½è¡£ä½ çš„!",ã†ã„ãŒé»’ãƒ­ãƒªã«å¤‰èº«ã™ã‚‹å§¿ãŒå¤§å¥½ãã§ã™å¯æ„›ã„ã§ã™ï¼é ‘å¼µã£ã¦ãã ã•ã„ï¼ã†ã„ã€ã„ã¤ã¾ã§ã‚‚å¿œæ´ã—ã¦ã¾ã™ï¼
ShenxH,Taiwan,ã†ã„ãƒžãƒžãƒ¼åˆå€‹å±•&åˆã‚¤ãƒ©ã‚¹ãƒˆé›†ãŠã‚ã§ã¨ã†ã”ã–ã„ã¾ã™ï¼ï¼ï¼,
ãƒã‚§ãƒ³ã€€ã‚¸ãƒ§ã‚·ãƒ¥ã‚¢,Taiwan,ã†ã„å…ˆç”ŸãŠã‚ã§ã¨ã†ã€‚ä»Šå¾Œã‚‚å¿œæ´ã—ã¦ã¾ã™ã‚ˆã€‚,
Thomas,Canada,Congratulations on First Solo!!  Best of luck!!,åˆã‚½ãƒ­ãŠã‚ã§ã¨ã†ã”ã–ã„ã¾ã™!  å¹¸é‹ã‚’ç¥ˆã‚‹ï¼
ãƒ­ãƒªãƒ­ãƒªãƒ­ãƒ¼ãƒªãƒ­ãƒª,Japan,ã†ã„å…ˆç”Ÿã€å€‹å±•é–‹å‚¬ãŠã‚ã§ã¨ã†ã”ã–ã„ã¾ã™ï¼ï¼ï¼ï¼,
å¤©ä½¿é™½é€¸,Hong Kong,"Hihi~ æˆ‘æ˜¯ä¾†è‡ªé¦™æ¸¯çš„è§€çœ¾ï¼æˆ‘çœ‹äº†ä½ çš„é »é“ä¹Ÿæœ‰2å€‹æœˆäº†ï¼Œç®—æ˜¯æ–°è§€çœ¾å§ï¼æ„Ÿè¬ä½ ç‚ºäº†æˆ‘å€‘åŠªåŠ›æ‹ç‰‡ï¼ä½ ä¹Ÿæˆ‘å­¸ç¿’æ—¥æ–‡çš„å‹•åŠ›ï¼â¤ï¸
å¿œæ´ã—ã¦ã„ã¾ã™ï¼","Hihiã€œç§ã¯é¦™æ¸¯ã®è¦³å®¢ã§ã™ï¼ ã‚ãªãŸã®ãƒãƒ£ãƒ³ãƒãƒ«ã‚’2ã‹æœˆé–“è¦‹ã¦ããŸã®ã§ã€ç§ã¯æ–°ã—ã„è¦–è´è€…ã§ã™ã€‚ ç§ãŸã¡ã®ãŸã‚ã«æ˜ ç”»ã‚’ä½œã£ã¦ãã‚Œã¦ã‚ã‚ŠãŒã¨ã†ï¼ ã‚ãªãŸã¯ç§ã®æ—¥æœ¬èªžå­¦ç¿’ã®å‹•æ©Ÿã§ã™ï¼  â¤ï¸
å¿œæ´ã—ã¦ã„ã¾ã™ï¼"
QTttt,Taiwan,"ãŠã‚ã§ã© 
I really love both ã†ã„ãƒžãƒž and your art.
Unfortunately, I can't go to Japan to join the exhibition.
Hope it will hold in Taiwan,too
P.S. I want more ã‚ã‚Šã†ã„","ãŠã‚ã§ã©
ã†ã„ãƒžãƒžã‚‚ã‚ãªãŸã®ã‚¢ãƒ¼ãƒˆã‚‚å¤§å¥½ãã§ã™ã€‚
æ®‹å¿µãªãŒã‚‰ã€æ—¥æœ¬ã«è¡Œãã“ã¨ã¯ã§ãã¾ã›ã‚“ã€‚
å°æ¹¾ã§ã‚‚é–‹å‚¬ã•ã‚Œã‚‹ã¨ã„ã„ã§ã™ã­
è¿½ä¼¸ã‚‚ã£ã¨ã‚ã‚Šã†ã„"
å³¶æ´¥é€²ä¸€,Taiwan,"ä½ å¥½ï¼Œæˆ‘æ˜¯ä¾†è‡ªå°ç£çš„ç²‰çµ²ï¼Œä½œç‚ºä¸€åç²‰çµ²ï¼Œæˆ‘éžå¸¸å–œæ­¡ç¾½è¡£è€å¸«çš„ä½œå“ä»¥åŠçŠ€åˆ©çš„åæ§½ï¼Œè¬è¬è€å¸«ä¸€ç›´ä»¥ä¾†çš„åŠªåŠ›ï¼Œå¸Œæœ›èƒ½çœ‹åˆ°è€å¸«è·ŸHololiveæˆå“¡æœ‰æ›´å¤šçš„äº’å‹•ï¼Œå¸Œæœ›æ‚¨çœ‹åˆ°é€™å‰‡ä¿¡æ¯æœƒæ„Ÿåˆ°é–‹å¿ƒï¼Œç¥æ‚¨å·¥ä½œé †å¿ƒï¼Œå¹³å®‰å¥åº·
ä½ çš„ç²‰çµ² å³¶æ´¥é€²ä¸€","ã“ã‚“ã«ã¡ã¯ã€ç§ã¯å°æ¹¾ã®ãƒ•ã‚¡ãƒ³ã§ã™ã€‚ãƒ•ã‚¡ãƒ³ã¨ã—ã¦ã€ç§ã¯ã†ã„ã•ã‚“ã®ä»•äº‹ã¨é‹­ã„ã‚³ãƒ¡ãƒ³ãƒˆã‚’æœ¬å½“ã«æ°—ã«å…¥ã£ã¦ã„ã¾ã™ã€‚ç¶™ç¶šçš„ãªåŠªåŠ›ã«æ„Ÿè¬ã—ã¾ã™ã€‚å…ˆç”ŸãŒãƒ›ãƒ­ãƒ©ã‚¤ãƒ–ã®ãƒ¡ãƒ³ãƒãƒ¼ã¨ã‚‚ã£ã¨äº¤æµã™ã‚‹ã“ã¨ã‚’æœŸå¾…ã—ã¦ã„ã¾ã™ã€‚ ã“ã®ãƒ¡ãƒƒã‚»ãƒ¼ã‚¸ã‚’èª­ã‚“ã§å¹¸ã›ã«ãªã£ã¦ãã ã•ã„ã€ã‚ãªãŸãŒã‚ãªãŸã®ä»•äº‹ã€å®‰å…¨ã¨å¥åº·ã§æˆåŠŸã™ã‚‹ã“ã¨ã‚’é¡˜ã£ã¦ã„ã¾ã™
  ã‚ãªãŸã®ãƒ•ã‚¡ãƒ³å³¶æ´¥é€²ä¸€"
ãƒŽãƒ¯ãƒ¼ãƒ«,Japan,"ã—ãã‚Œã†ã„å…ˆç”Ÿã€åˆå€‹å±•ãŠã‚ã§ã¨ã†ã”ã–ã„ã¾ã™ã€‚
ç§ã¯å‰ã‹ã‚‰ã‚³ãƒŸã‚±ãªã©ã«å‡ºå±•ã•ã‚Œã¦ã„ãŸã®ã§å…ˆç”Ÿã®ã“ã¨ã¯å­˜ã˜ã¦ã¯ãŠã‚Šã¾ã—ãŸãŒã€
æœ€è¿‘ã¯ã‚¹ãƒãƒ«ã¡ã‚ƒã‚“ã¨ã®ç¸ã‚‚ã‚ã‚Šéœ²å‡ºãŒå¢—ãˆã€æ–°ã—ãå…ˆç”Ÿã®ã“ã¨ã‚’çŸ¥ã£ãŸãƒ•ã‚¡ãƒ³ã‚‚å¤šãã„ã‚‹ã¨æ€ã„ã¾ã™ã€‚
ä»Šå›žã®å€‹å±•ãŒã€ã“ã‚Œã‹ã‚‰ã‚‚ã£ã¨å¤šãã®æ–¹ã«å…ˆç”Ÿã®ã‚¤ãƒ©ã‚¹ãƒˆã‚’è¦‹ã¦è²°ãˆã‚‹ãã£ã‹ã‘ã«ãªã‚‹ã“ã¨ã‚’é¡˜ã„ã¤ã¤ã€è‡ªåˆ†è‡ªèº«ã‚‚å…ˆç”Ÿã®æ´»å‹•ã‚’è¿½ã‚ã›ã¦ã„ãŸã ã‘ã‚Œã°ãªã€ã¨
æ”¹ã‚ã¦æ€ã„ã¾ã—ãŸã€‚
Væ´»å‹•ã‚‚ç›¸ã¾ã£ã¦å¤šå¿™ã‚’æ¥µã‚ã¦ãŠã‚‰ã‚Œã‚‹ã‹ã¨æ€ã„ã¾ã™ãŒã€ä½“ãŒè³‡æœ¬ã¨è¨€ã„ã¾ã™ã—ã€ã”è‡ªèº«ã®ä½“èª¿ã¯ã„ãŸã‚ã£ã¦ã‚ã’ã¦ãã ã•ã„ã¾ã›ã€‚
ã“ã‚Œã‹ã‚‰ã‚‚ã”æ´»èºã‚’æ¥½ã—ã¿ã«ã—ã¦ãŠã‚Šã¾ã™ã€‚",
ã¿ã‚„ã³ã­ã“,Japan,åˆå€‹å±•é–‹å‚¬ãŠã‚ã§ã¨ã†ã”ã–ã„ã¾ã™ã€‚ã—ãã‚Œã†ã„å…ˆç”Ÿã®è‰²å½©ã‚»ãƒ³ã‚¹ã«ã¯ã„ã¤ã‚‚æ„Ÿå‹•ã—ã€ã‚¤ãƒ©ã‚¹ãƒˆã‚’æãéš›ã®å‚è€ƒã«ã—ãŸã„ã¨ã€ã„ã¤ã‚‚æ€ã£ã¦ãŠã‚Šã¾ã™ã€‚ã“ã‚Œã‹ã‚‰ã®ã”æ´»èºã€ç¬¬2å›žç¬¬3å›žç›®ã®å€‹å±•ã®é–‹å‚¬ã‚‚æ¥½ã—ã¿ã«ã—ã¦ã„ã¾ã™ã€‚ã¾ãŸæ¬¡ã®æ–°ãŸãªå¤¢ã‚’å¶ãˆã¦ã„ãã“ã¨ã‚’é¡˜ã£ã¦ãŠã‚Šã¾ã™ã€‚,
Louis Lim,Malaysia ,å¸Œæœ›ç¾½è¡£åª½åª½èƒ½è¶Šä¾†è¶Šå¥½ï¼Œç„¡è«–æ˜¯ç”Ÿæ´»é‚„æ˜¯äº‹æ¥­ä¸Šçš„ ,ã†ã„ãƒžãƒžã«ã¯ã€äººç”Ÿã§ã‚‚ä»•äº‹ã§ã‚‚ã€ã©ã‚“ã©ã‚“å…ƒæ°—ã«ãªã£ã¦ã»ã—ã„ã§ã™ã­ã€‚
WenZhong,Taiwan,,ãŠã‚ã§ã¨ã†
å³æŸæ¯…,Taiwan,"ã†ã„ãƒžãƒžã®çµµãŒå¤§å¥½ã,vtuber ã«ã—ã¦ã‚‚ã‚¤ãƒ©ã‚¹ãƒˆãƒ¬ãƒ¼ã‚¿ãƒ¼ã«ã—ã¦ã‚‚å…¨åŠ›ã§å¿œæ´ã—ã¾ã™ã€‚
ãŠèª•ç”Ÿæ—¥ãŠã‚ã§ã¨ã†ã”ã–ã„ã¾ã™",ä½ æ˜¯æˆ‘çš„å¶åƒ
ç”°ä¸­å¤ªéƒŽlv.25,Japan,"å€‹å±•é–‹å‚¬ãŠã‚ã§ã¨ã†ã”ã–ã„ã¾ã™ã€‚
ã—ãã‚Œã†ã„å…ˆç”Ÿã®å¤¢ãŒã¾ãŸä¸€ã¤å¶ã£ã¦ç§ã‚‚éžå¸¸ã«å¬‰ã—ã„ã§ã™ã€‚

ã†ã„ã¡ã‚ƒã‚“å…ˆç”Ÿã®çµµã§å¥½ããªã¨ã“ã‚ã¯ã€Œæ‰‹ã€ã®è¡¨ç¾ã§ã™ã€‚
æ‰‹ã«è¡¨æƒ…ãŒå®¿ã£ã¦ã„ã‚‹ã‚ˆã†ãªã€ç´°ã‹ãªè¡¨ç¾ãŒç‰©å‡„ãå¥½ãã§ã™ã€‚
ãã‚Œã¨ã€å¥³å­é«˜ç”Ÿã®çµµã‹ã‚‰ä¼ã‚ã£ã¦ãã‚‹ã€Œç§ã“ã®å­å¥½ãï¼ã€ã¨ã„ã†æƒšæ°—ã¿ãŸã„ãªãƒ¡ãƒƒã‚»ãƒ¼ã‚¸æ€§ã‚‚å¥½ãã§ã™ã€‚

ä»Šã¯å¤šæ–¹é¢ã§ã”æ´»èºã§å¤§å¤‰ãŠå¿™ã—ã„ã¨æ€ã„ã¾ã™ãŒã€ç„¡ç†ã®ãªã„ã‚ˆã†ã”è‡ªæ„›ä¸‹ã•ã„ã€‚

ã†ã„ã¡ã‚ƒã‚“å…ˆç”Ÿã®æ¥½ã—ã„æ¯Žæ—¥ãŒç¶šãã‚ˆã†é¡˜ã£ã¦ãŠã‚Šã¾ã™ï¼ˆâ•¹â—¡â•¹ï¼‰",
Johann,Hong Kong,é›–ç„¶åœ¨é¦™æ¸¯ä¸èƒ½åƒåŠ ç•«å±•ï¼Œä½†ä¹Ÿæœƒåœ¨é€™è£æ”¯æŒä½ ã€‚åŠ æ²¹!!!(à¹‘â€¢Ì€á„‡â€¢Ì)Ùˆ âœ§ ,ä»Šã¯é¦™æ¸¯ãªã®ã§ã€å€‹å±•ã«ã¯å‚åŠ ã§ãã¾ã›ã‚“ãŒã€ã“ã¡ã‚‰ã§ã‚µãƒãƒ¼ãƒˆã•ã›ã¦ã„ãŸã ãã¾ã™ã€‚ é ‘å¼µã£ã¦!!!ï¼ˆà¹‘â€¢Ì€á„‡â€¢Ìï¼‰Ùˆâœ§
likecat,Taiwan,,ãŠã‚ã§ã¨ã†ã”ã–ã„ã¾ã™
ã¿ãªã¨,Japan,"å€‹å±•é–‹å‚¬ãŠã‚ã§ã¨ã†ã”ã–ã„ã¾ã™ï¼
ã†ã„å…ˆç”Ÿã®æãå¥³ã®å­ã®ã‚­ãƒ©ã‚­ãƒ©ã—ãŸçž³ãŒå¤§å¥½ãã§ã™ï¼ï¼
ã“ã‚Œã‹ã‚‰ã‚‚å¿œæ´ã—ã¦ã„ã¾ã™ï¼ï¼ï¼",
Nozomu,Taiwan,"ã†ã„å…ˆç”Ÿã€åˆå€‹å±•ã®é–‹å‚¬ã€ãŠã‚ã§ã¨ã†ã”ã–ã„ã¾ã™ï¼
ãŠã•ã¾ã‘ã®ã‚¤ãƒ©ã‚¹ãƒˆã€åˆç”»é›†ã®ã‚¤ãƒ©ã‚¹ãƒˆã€ã‚‚ã¡ã‚ã‚“é…ä¿¡ã§æãçµµã‚‚ã€ã©ã‚Œã‚‚å¯æ„›ãã¦ç´ æ•µã§ã€ã„ã¤ã‚‚æ¥½ã—ãæ‹è¦‹ã•ã›ã¦é ‚ãã¾ã—ãŸã€‚
ãã‚“ãªã†ã„å…ˆç”Ÿã®åˆå€‹å±•ã€æœ¬å½“ã«æ¥½ã—ã¿ã«ã—ã¦ã„ã¾ã™ï¼
ã“ã‚Œã‹ã‚‰ã‚‚å¿œæ´ã—ã¾ã™ï¼",
megumi,Hong Kong,ç¾½è¡£åª½åª½çµ‚æ–¼é–‹ç•«å±•äº†ï¼Œå¸Œæœ›åœ¨å°èªªçš„æ’ç•«å·¥ä½œå¯ä»¥æ„ˆåšæ„ˆå¥½ï¼Œå°¤å…¶æ˜¯ãŠã•ã¾ã‘ç³»åˆ—ï¼,ã†ã„ãƒžãƒžãŒã¤ã„ã«çµµç”»å±•ã‚’é–‹å‚¬ã—ã¾ã—ãŸã€‚å°èª¬ã®ã‚¤ãƒ©ã‚¹ãƒˆä½œå“ã€ç‰¹ã«ãŠã•ã¾ã‘ã‚·ãƒªãƒ¼ã‚ºãŒã©ã‚“ã©ã‚“è‰¯ããªã‚‹ã“ã¨ã‚’é¡˜ã£ã¦ã„ã¾ã™ï¼
ã“ ã® dio ã ,Taiwan,ãŠæ°—ã«å…¥ã‚Š ãƒ­ãƒªã—ãã‚Œã†ã„,
ç”°ä¸­å¤ªéƒŽlv.25,Japan,"å€‹å±•é–‹å‚¬ãŠã‚ã§ã¨ã†ã”ã–ã„ã¾ã™ã€‚
ã—ãã‚Œã†ã„å…ˆç”Ÿã®å¤¢ãŒã¾ãŸä¸€ã¤å¶ã£ã¦ç§ã‚‚éžå¸¸ã«å¬‰ã—ã„ã§ã™ã€‚

ã†ã„ã¡ã‚ƒã‚“å…ˆç”Ÿã®çµµã§å¥½ããªã¨ã“ã‚ã¯ã€Œæ‰‹ã€ã®è¡¨ç¾ã§ã™ã€‚
æ‰‹ã«è¡¨æƒ…ãŒå®¿ã£ã¦ã„ã‚‹ã‚ˆã†ãªã€ç´°ã‹ãªè¡¨ç¾ãŒç‰©å‡„ãå¥½ãã§ã™ã€‚
ãã‚Œã¨ã€å¥³å­é«˜ç”Ÿã®çµµã‹ã‚‰ä¼ã‚ã£ã¦ãã‚‹ã€Œç§ã“ã®å­å¥½ãï¼ã€ã¨ã„ã†æƒšæ°—ã¿ãŸã„ãªãƒ¡ãƒƒã‚»ãƒ¼ã‚¸æ€§ã‚‚å¥½ãã§ã™ã€‚

ä»Šã¯å¤šæ–¹é¢ã§ã”æ´»èºã§å¤§å¤‰ãŠå¿™ã—ã„ã¨æ€ã„ã¾ã™ãŒã€ç„¡ç†ã®ãªã„ã‚ˆã†ã”è‡ªæ„›ä¸‹ã•ã„ã€‚

ã†ã„ã¡ã‚ƒã‚“å…ˆç”Ÿã®æ¥½ã—ã„æ¯Žæ—¥ãŒç¶šãã‚ˆã†é¡˜ã£ã¦ãŠã‚Šã¾ã™ï¼ˆâ•¹â—¡â•¹ï¼‰",
Shigure Ui no fan,Malaysia,"Ui-mama I really like your arts and your personalities has been following you ever since I saw a video of you and subaru playing together, I'm a fan of you!!! ",Ui-mamaç§ã¯ã‚ãªãŸã®ã‚¢ãƒ¼ãƒˆãŒæœ¬å½“ã«å¥½ãã§ã€ã‚ãªãŸã¨ã‚¹ãƒãƒ«ãŒä¸€ç·’ã«éŠã‚“ã§ã„ã‚‹ãƒ“ãƒ‡ã‚ªã‚’è¦‹ã¦ä»¥æ¥ã€ã‚ãªãŸã®å€‹æ€§ãŒã‚ãªãŸã‚’ãƒ•ã‚©ãƒ­ãƒ¼ã—ã¦ãã¾ã—ãŸã€‚ç§ã¯ã‚ãªãŸã®ãƒ•ã‚¡ãƒ³ã§ã™!!!
Chang,Taiwan,æ­å–œ,ãŠã‚ã§ã¨ã†
Megumin10124,Malaysia,åŠ æ²¹ï¼Œå¸Œæœ›ç”»å±•ä¸¾åŠžé¡ºåˆ©ï¼Œæˆ‘æ˜¯æ—¶é›¨å¦ˆå¦ˆçš„ç²‰ä¸ï¼ï¼,ã•ã¦ã€å±•è¦§ä¼šãŒé †èª¿ã«é€²ã‚€ã“ã¨ã‚’é¡˜ã£ã¦ã„ã¾ã™ã€‚  ï¼ï¼ˆGoogle Translationï¼‰
JulianOuO,Taiwan,"ç¥ç¾½è¡£åª½åª½è¾¦å±•æˆåŠŸï¼Œæˆ‘æœƒè«‹åœ¨æ—¥æœ¬çš„åŒå­¸åŽ»çµ¦ä½ æ§å ´çš„ï¼
(æ‰€ä»¥æˆ‘èªªé‚£å€‹å°ç¾½è¡£æœƒå‡ºç¾å—Ž)","ã†ã„ãƒžãƒžã®å±•ç¤ºä¼šãŒæˆåŠŸã™ã‚‹ã“ã¨ã‚’é¡˜ã£ã¦ã€æ—¥æœ¬ã®ã‚¯ãƒ©ã‚¹ãƒ¡ãƒ¼ãƒˆã‚’æ‹›å¾…ã—ã¾ã™ï¼
 ï¼ˆãã‚Œã§9æ­³ã®ã†ã„ãŒç¾ã‚Œã‚‹ã¨è¨€ã£ãŸï¼Ÿï¼‰"
å»£æœ¨å¤©ä¹‹ä»‹,Japan,"ã†ã„å…ˆç”Ÿã€åˆå€‹å±•ãŠã‚ã§ã¨ã†ã”ã–ã„ã¾ã™ï¼ï¼ï¼ã†ã„å…ˆç”Ÿã®çµµã‚„é…ä¿¡ã‚’è¦‹ã‚Œã‚‹ã“ã®æ™‚ä»£ã«ç”Ÿã¾ã‚ŒãŸè‡ªåˆ†ã¯å¹¸ã›è€…ã ã¨æ€ã„ã¾ã™ã€‚ã“ã‚Œã‹ã‚‰ã‚‚å¿œæ´ã—ç¶šã‘ã¾ã™ã€‚
ãŠä½“ã«æ°—ã‚’ã¤ã‘ã¦é…ä¿¡ã‚„ãŠä»•äº‹é ‘å¼µã£ã¦ãã ã•ã„ã€‚",
ã‚±ã‚¤ãƒ³,Japan,"ã†ã„ã¾ã¾ã€åˆå€‹å±•é–‹å‚¬ãŠã‚ã§ã¨ã†ã”ã–ã„ã¾ã™ï¼å…ˆç”Ÿã®è‰²ã‚“ãªã‚¤ãƒ©ã‚¹ãƒˆã‚’è¦‹ã¦ã€ã©ã‚“ã©ã‚“å¥½ããŒå¤§ãããªã£ã¦ã„ã¾ã™ã€‚ã“ã‚Œã‹ã‚‰ã‚‚æ²¢å±±ç´ æ•µãªã‚¤ãƒ©ã‚¹ãƒˆã‚’ã€å…ˆç”ŸãŒæ¥½ã—ã„ã¨æ„Ÿã˜ã‚‹ã‚ˆã†ãªã‚¤ãƒ©ã‚¹ãƒˆã‚’æã„ã¦ä¸‹ã•ã„ï¼
",
æž—æ±å»º,Taiwan,åˆã‚ã¦ã®å€‹å±•ãŠã‚ã§ã¨ã†ã”ã–ã„ã¾ã™ã€‚çµµã¨ç”Ÿæ”¾é€ãŒã¨ã¦ã‚‚å¥½ãã§ã™ã€‚ä»Šå¾Œã‚‚å¿œæ´ã‚ˆã‚ã—ããŠé¡˜ã„ã—ã€ã‚ˆã‚Šç¾Žã—ã„ã‚¤ãƒ©ã‚¹ãƒˆã¨é¢ç™½ã„ç”Ÿæ”¾é€ã‚’ãŠå±Šã‘ã§ãã‚‹ã“ã¨ã‚’é¡˜ã£ã¦ã„ã¾ã™ã€‚,Ok ãŠç–²ã‚Œæ¨£
Wu Chen Yi,Taiwan,å¿œæ´ã—ã¦ã„ã¾ã™~ãƒžãƒžã®å•†å“ã¯ã©ã“ã§è²·ã†?,
master fan,Malaysia,ã“ã‚“ã«ã¡ã¯ã€ã“ã‚Œã¯ã‚ãªãŸã«ã“ã®ç¨®ã®æ‰‹ç´™ã‚’æ›¸ãã®ãŒåˆã‚ã¦ã§ã™ã€‚ãã‚Œã§ã‚‚å°‘ã—ç·Šå¼µã—ã¾ã™ã€‚vtuberã«ã¤ã„ã¦ã¾ã çŸ¥ã‚‰ãªã„ã¨ãã¯ã€å‹é”ãŒã„ã¤ã‚‚ãã‚Œã«ã¤ã„ã¦è©±ã—ã¦ã„ã‚‹ã®ã§ã€è¦‹ã¤ã‘ã¾ã—ãŸã€‚ãã®ã¨ãã€ç§ã® è¶£å‘³ã¯çµµã‚’æã„ã¦ã„ã‚‹ã®ã§ã€vtuberã®çµµã‚’æ¤œç´¢ã—ã¦ã€ã“ã“ã§è¦‹ã¤ã‘ã¾ã—ãŸã€‚vtuberã‚’è¦‹ã‚‹ã®ã¯åˆã‚ã¦ã§ã™ã€‚æœ€åˆã¯ã€æ—¥æœ¬èªžãŒã‚ã‹ã‚‰ãªã„ã®ã§ã€ã‚ãã‚‰ã‚ãŸããªã‚Šã¾ã—ãŸãŒã€çµµã®ãƒ†ã‚¯ãƒ‹ãƒƒã‚¯ã‚’è¦‹ã‚‹ã¨ã€ æ„Ÿå‹•ã—ã¾ã—ãŸã€‚ãã—ã¦ã€ã‚ãªãŸã®ã‚¹ãƒˆãƒªãƒ¼ãƒ ãŒé•·ã‘ã‚Œã°é•·ã„ã»ã©ã€ã‚ãªãŸã®ãŠã‹ã’ã§ç§ã®çµµã¯ã©ã‚“ã©ã‚“è‰¯ããªã‚Šã¾ã—ãŸã€‚ã‚¹ãƒˆãƒªãƒ¼ãƒŸãƒ³ã‚°ã«ã¯å¤šãã®ã‚¨ãƒãƒ«ã‚®ãƒ¼ãŒå¿…è¦ãªã®ã§ã€ã‚‚ã£ã¨ä¼‘ã‚€ã“ã¨ã‚’å¿˜ã‚Œãªã„ã§ãã ã•ã„ã€‚ ãŠã‹ã’ã§ã€å®¶æ—ãŒåŽ»ã‚‹å‰ã«å®¶æ—ã®ãƒãƒ¼ãƒˆãƒ¬ãƒ¼ãƒˆã‚’æãã“ã¨ãŒã§ãã¾ã—ãŸã€‚ã‚ã‚ŠãŒã¨ã†ã€‚ãŠã‹ã’ã§ã€å¤¢ãŒvtuberã«ãªã‚Šã¾ã—ãŸã€‚å¤¢ãŒå¶ã†ã¾ã§ã€é ‘å¼µã£ã¦ãã ã•ã„ã€‚ ã‚¢ãƒ‹ãƒ¡ã®é«ªã®æãæ–¹ã¯ã„ã¤ã‚‚æãé–“é•ã„ãŒã‚ã‚‹ã®ã§æ•™ãˆã¦é ‚ã‘ã¾ã™ã‹ï¼Ÿï¼‰ï¼ˆãƒ»âˆ€ãƒ»ï¼‰,
Jason Hsu,Taiwan,æ­å–œã†ã„èˆ‰è¾¦å€‹å±•ï¼Œçœ‹ç›´æ’­æ™‚è½åˆ°ã†ã„çš„ç¬‘è²å°±è®“æˆ‘å¿ƒæƒ…å¾ˆå¥½ï¼Œç¥ä½ å¯ä»¥å¤©å¤©é–‹å¿ƒ~,ã†ã„ã•ã‚“ã€å€‹å±•é–‹å‚¬ãŠã‚ã§ã¨ã†ã”ã–ã„ã¾ã™ã€‚ç”Ÿæ”¾é€ã‚’è¦‹ãªãŒã‚‰ç¬‘ã†ã®ã‚’èžã„ã¦æ°—æŒã¡è‰¯ã‹ã£ãŸã§ã™ã€‚
